<?xml version="1.0" encoding="utf-8"?>
<eml:eml xmlns:eml="eml://ecoinformatics.org/eml-2.1.1" xmlns:xsi="http://www.w3.org/2001/XMLSchema-instance"
         xsi:schemaLocation="eml://ecoinformatics.org/eml-2.1.1 http://rs.gbif.org/schema/eml-gbif-profile/1.1/eml.xsd"
        packageId="10.15468/dl.hbtpsd"  system="http://gbif.org" scope="system"
  xml:lang="en">

<dataset>
        <alternateIdentifier>0044189-200221144449610</alternateIdentifier>
    <title>GBIF Occurrence Download 10.15468/dl.hbtpsd</title>
    <creator>
    <individualName>
          <surName>GBIF Download Service</surName>
    </individualName>
<electronicMailAddress>support@gbif.org</electronicMailAddress>    </creator>
    <metadataProvider>
    <individualName>
          <surName>GBIF Download Service</surName>
    </individualName>
<electronicMailAddress>support@gbif.org</electronicMailAddress>    </metadataProvider>
      <pubDate>
      2020-04-17
      </pubDate>
    <language>ENGLISH</language>
    <abstract>
        <para>A dataset containing all occurrences available in GBIF matching the query:
{
  &quot;and&quot; : [ &quot;MediaType is Image&quot;, &quot;InstitutionCode is inaturalist&quot;, &quot;TaxonKey is Ambrosia artemisiifolia L.&quot; ]
}
The dataset includes records from the following constituent datasets. The full metadata for each constituent is also included in this archive:
2781 records from iNaturalist Research-grade Observations
</para>
    </abstract>
      <contact>
    <individualName>
          <surName>GBIF Download Service</surName>
    </individualName>
<electronicMailAddress>support@gbif.org</electronicMailAddress>      </contact>

</dataset>

<additionalMetadata>
    <metadata>
      <gbif>
        <dateStamp>2020-04-17T14:46:32Z</dateStamp>
      <citation identifier="10.15468/dl.hbtpsd">GBIF Occurrence Download 10.15468/dl.hbtpsd</citation>
              <physical>
                  <objectName>Darwin Core Archive</objectName>
                  <characterEncoding>UTF-8</characterEncoding>
                  <dataFormat>
                      <externallyDefinedFormat>
                          <formatName>Darwin Core Archive</formatName>
                      </externallyDefinedFormat>
                  </dataFormat>
                  <distribution>
                      <online>
                          <url function="download">http://api.gbif.org/v1/occurrence/download/request/0044189-200221144449610.zip</url>
                      </online>
                  </distribution>
              </physical>
        </gbif>
    </metadata>
</additionalMetadata>

</eml:eml>
